title,preview
Three New Views of Mars' Moon Phobos,"Taken with the infrared camera aboard NASA's Odyssey orbiter, they reveal temperature variations on the small moon as it drifts into and out of Mars’ shadow."
A Year of Surprising Science From NASA's InSight Mars Mission,A batch of new papers summarizes the lander's findings above and below the surface of the Red Planet.
NASA's Perseverance Rover Will Look at Mars Through These 'Eyes',A pair of zoomable cameras will help scientists and rover drivers with high-resolution color images.
NASA's Mars 2020 Heads Into the Test Chamber,"In this time-lapse video taken at JPL, engineers move the Mars 2020 rover into a large vacuum chamber for testing in Mars-like environmental conditions."
"NASA's Perseverance Rover Goes Through Trials by Fire, Ice, Light and Sound","The agency's new Mars rover is put through a series of tests in vacuum chambers, acoustic chambers and more to get ready for the Red Planet."
Mars 2020 Stands on Its Own Six Wheels,"In time-lapse video, taken at JPL, captures the first time NASA's Mars 2020 rover carries its full weight on its legs and wheels."
NASA's Mars Perseverance Rover Passes Flight Readiness Review,"​The agency's Mars 2020 mission has one more big prelaunch review – the Launch Readiness Review, on July 27."
NASA's Perseverance Rover Will Carry First Spacesuit Materials to Mars,"In a Q&A, spacesuit designer Amy Ross explains how five samples, including a piece of helmet visor, will be tested aboard the rover, which is targeting a July 30 launch. "
NASA's New Mars Rover Will Use X-Rays to Hunt Fossils,"PIXL, an instrument on the end of the Perseverance rover's arm, will search for chemical fingerprints left by ancient microbes."
NASA Prepares for Moon and Mars With New Addition to Its Deep Space Network,Robotic spacecraft will be able to communicate with the dish using radio waves and lasers.
"Heat and Dust Help Launch Martian Water Into Space, Scientists Find","Scientists using an instrument aboard NASA’s Mars Atmosphere and Volatile EvolutioN, or MAVEN, spacecraft have discovered that water vapor near the surface of the Red Planet is lofted higher into the atmosphere than anyone expected was possible. "
"NASA Wins 4 Webbys, 4 People's Voice Awards","Winners include the JPL-managed ""Send Your Name to Mars"" campaign, NASA's Global Climate Change website and Solar System Interactive."
"NASA Administrator Statement on Moon to Mars Initiative, FY 2021 Budget","Jim Bridenstine addresses NASA's ambitious plans for the coming years, including Mars Sample Return."
6 Things to Know About NASA's Ingenuity Mars Helicopter,The first helicopter attempting to fly on another planet is a marvel of engineering. Get up to speed with these key facts about its plans.
Hear Audio From NASA's Perseverance As It Travels Through Deep Space,"The first to be rigged with microphones, the agency's latest Mars rover picked up the subtle sounds of its own inner workings during interplanetary flight."
Three New Views of Mars' Moon Phobos,"Taken with the infrared camera aboard NASA's Odyssey orbiter, they reveal temperature variations on the small moon as it drifts into and out of Mars’ shadow."
A Year of Surprising Science From NASA's InSight Mars Mission,A batch of new papers summarizes the lander's findings above and below the surface of the Red Planet.
NASA's Perseverance Rover Will Look at Mars Through These 'Eyes',A pair of zoomable cameras will help scientists and rover drivers with high-resolution color images.
NASA's Mars 2020 Heads Into the Test Chamber,"In this time-lapse video taken at JPL, engineers move the Mars 2020 rover into a large vacuum chamber for testing in Mars-like environmental conditions."
"NASA's Perseverance Rover Goes Through Trials by Fire, Ice, Light and Sound","The agency's new Mars rover is put through a series of tests in vacuum chambers, acoustic chambers and more to get ready for the Red Planet."
Mars 2020 Stands on Its Own Six Wheels,"In time-lapse video, taken at JPL, captures the first time NASA's Mars 2020 rover carries its full weight on its legs and wheels."
NASA's Mars Perseverance Rover Passes Flight Readiness Review,"​The agency's Mars 2020 mission has one more big prelaunch review – the Launch Readiness Review, on July 27."
NASA's Perseverance Rover Will Carry First Spacesuit Materials to Mars,"In a Q&A, spacesuit designer Amy Ross explains how five samples, including a piece of helmet visor, will be tested aboard the rover, which is targeting a July 30 launch. "
NASA's New Mars Rover Will Use X-Rays to Hunt Fossils,"PIXL, an instrument on the end of the Perseverance rover's arm, will search for chemical fingerprints left by ancient microbes."
NASA Prepares for Moon and Mars With New Addition to Its Deep Space Network,Robotic spacecraft will be able to communicate with the dish using radio waves and lasers.
"Heat and Dust Help Launch Martian Water Into Space, Scientists Find","Scientists using an instrument aboard NASA’s Mars Atmosphere and Volatile EvolutioN, or MAVEN, spacecraft have discovered that water vapor near the surface of the Red Planet is lofted higher into the atmosphere than anyone expected was possible. "
"NASA Wins 4 Webbys, 4 People's Voice Awards","Winners include the JPL-managed ""Send Your Name to Mars"" campaign, NASA's Global Climate Change website and Solar System Interactive."
"NASA Administrator Statement on Moon to Mars Initiative, FY 2021 Budget","Jim Bridenstine addresses NASA's ambitious plans for the coming years, including Mars Sample Return."
6 Things to Know About NASA's Ingenuity Mars Helicopter,The first helicopter attempting to fly on another planet is a marvel of engineering. Get up to speed with these key facts about its plans.
Hear Audio From NASA's Perseverance As It Travels Through Deep Space,"The first to be rigged with microphones, the agency's latest Mars rover picked up the subtle sounds of its own inner workings during interplanetary flight."
